{"Loss": 0.05359858088195324, "_runtime": 17, "_timestamp": 1635676313, "_step": 399, "Val Loss": 0.16414041817188263, "Acc": 100.0, "Val Acc": 85.39999999999999, "_wandb": {"runtime": 17}}